08/12/2021;120000 €;2 %;32;3854.01 €/mois
08/12/2021;2123 €;2.67 %;12;179.49 €/mois
08/12/2021;2123 €;2.67 %;12;179.49 €/mois
08/12/2021;500000 €;1.9 %;120;4578.32 €/mois
08/12/2021;500000 €;2.1 %;60;8785.77 €/mois
08/12/2021;2123 €;2.67 %;12;179.49 €/mois
08/12/2021;2123 €;2.67 %;12;179.49 €/mois
08/12/2021;2123 €;2.67 %;12;179.49 €/mois
08/12/2021;2123 €;2.67 %;12;179.49 €/mois
08/12/2021;45000 €;5 %;6;7609.75 €/mois
08/12/2021;120000 €;1.33 %;24;5069.56 €/mois
08/12/2021;120000 €;1.33 %;24;5069.56 €/mois
08/12/2021;120000 €;1.33 %;24;5069.56 €/mois
08/12/2021;120000 €;1.33 %;24;5069.56 €/mois
08/12/2021;120000 €;10 %;24;5537.39 €/mois
08/12/2021;120000 €;15 %;25;5618.7 €/mois
08/12/2021;120000 €;15 %;25;5618.7 €/mois
08/12/2021;120000 €;15 %;25;5618.7 €/mois
07/12/2021;135000 €;7.5 %;34;4419.74 €/mois
07/12/2021;135000 €;7.5 %;34;4419.74 €/mois
07/12/2021;135000 €;7.5 %;34;4419.74 €/mois
07/12/2021;135000 €;7.5 %;34;4419.74 €/mois
07/12/2021;135000 €;7.5 %;34;4419.74 €/mois
07/12/2021;135000 €;7.5 %;34;4419.74 €/mois
07/12/2021;135000 €;7.5 %;34;4419.74 €/mois
07/12/2021;10000 €;25 %;25;517.23 €/mois
07/12/2021;10000 €;25 %;25;517.23 €/mois
07/12/2021;135000 €;7.5 %;34;4419.74 €/mois
07/12/2021;135000 €;7.5 %;34;4419.74 €/mois
07/12/2021;135000 €;7.5 %;34;4419.74 €/mois
07/12/2021;135000 €;7.5 %;34;4419.74 €/mois
07/12/2021;135000 €;7.5 %;34;4419.74 €/mois
07/12/2021;135000 €;7.5 %;34;4419.74 €/mois
07/12/2021;10000 €;25 %;25;517.23 €/mois
07/12/2021;135000 €;7.5 %;34;4419.74 €/mois
07/12/2021;10000 €;25 %;25;517.23 €/mois
07/12/2021;10000 €;25 %;25;517.23 €/mois
07/12/2021;135000 €;7.5 %;34;4419.74 €/mois
07/12/2021;135000 €;7.5 %;34;4419.74 €/mois
07/12/2021;135000 €;7.5 %;34;4419.74 €/mois
07/12/2021;135000 €;7.5 %;34;4419.74 €/mois
07/12/2021;135000 €;7.5 %;34;4419.74 €/mois
07/12/2021;135000 €;7.5 %;34;4419.74 €/mois
07/12/2021;135000 €;7.5 %;34;4419.74 €/mois
07/12/2021;135000 €;7.5 %;34;4419.74 €/mois
07/12/2021;135000 €;7.5 %;34;4419.74 €/mois
07/12/2021;135000 €;7.5 %;34;4419.74 €/mois
07/12/2021;135000 €;7.5 %;34;4419.74 €/mois
07/12/2021;135000 €;7.5 %;34;4419.74 €/mois
07/12/2021;135000 €;7.5 %;34;4419.74 €/mois
07/12/2021;12000 €;12 %;45;332.46 €/mois
07/12/2021;12000 €;12 %;45;332.46 €/mois
07/12/2021;12000 €;12 %;45;332.46 €/mois
07/12/2021;12000 €;12 %;45;332.46 €/mois
07/12/2021;12000 €;12 %;45;332.46 €/mois
07/12/2021;12000 €;12 %;45;332.46 €/mois
07/12/2021;12000 €;12 %;45;332.46 €/mois
07/12/2021;12000 €;12 %;45;332.46 €/mois
07/12/2021;12000 €;12 %;45;332.46 €/mois
07/12/2021;12000 €;12 %;45;332.46 €/mois
07/12/2021;12000 €;12 %;45;332.46 €/mois
07/12/2021;12000 €;12 %;45;332.46 €/mois
07/12/2021;12000 €;12 %;45;332.46 €/mois
07/12/2021;12000 €;12 %;45;332.46 €/mois
07/12/2021;12000 €;12 %;45;332.46 €/mois
07/12/2021;12000 €;12 %;45;332.46 €/mois
07/12/2021;12000 €;12 %;45;332.46 €/mois
07/12/2021;12000 €;12 %;45;332.46 €/mois
07/12/2021;12000 €;12 %;45;332.46 €/mois
07/12/2021;12000 €;12 %;45;332.46 €/mois
07/12/2021;12000 €;12 %;45;332.46 €/mois
07/12/2021;12000 €;12 %;45;332.46 €/mois
07/12/2021;12000 €;12 %;45;332.46 €/mois
07/12/2021;12000 €;12 %;45;332.46 €/mois
07/12/2021;12000 €;12 %;45;332.46 €/mois
07/12/2021;10000 €;13 %;2;5081.4 €/mois
07/12/2021;10000 €;13 %;2;5081.4 €/mois
07/12/2021;10000 €;25 %;25;517.23 €/mois
07/12/2021;120000 €;125 %;24;13777.43 €/mois
07/12/2021;120000 €;125 %;24;13777.43 €/mois
07/12/2021;120000 €;125 %;24;13777.43 €/mois
07/12/2021;120000 €;125 %;24;13777.43 €/mois
07/12/2021;120000 €;125 %;24;13777.43 €/mois
07/12/2021;120000 €;125 %;24;13777.43 €/mois
07/12/2021;120000 €;125 %;24;13777.43 €/mois
07/12/2021;120000 €;125 %;24;13777.43 €/mois
07/12/2021;120000 €;125 %;24;13777.43 €/mois
07/12/2021;120000 €;125 %;24;13777.43 €/mois
07/12/2021;120000 €;125 %;24;13777.43 €/mois
07/12/2021;120000 €;125 %;24;13777.43 €/mois
07/12/2021;120000 €;125 %;24;13777.43 €/mois
07/12/2021;120000 €;125 %;24;13777.43 €/mois
07/12/2021;120000 €;34 %;12;11935.82 €/mois
07/12/2021;120000 €;34 %;12;11935.82 €/mois
07/12/2021;120000 €;34 %;12;11935.82 €/mois
07/12/2021;120000 €;34 %;12;11935.82 €/mois
07/12/2021;120000 €;34 %;12;11935.82 €/mois
07/12/2021;120000 €;34 %;12;11935.82 €/mois
07/12/2021;120000 €;34 %;12;11935.82 €/mois
07/12/2021;120000 €;34 %;12;11935.82 €/mois
07/12/2021;120000 €;34 %;12;11935.82 €/mois
07/12/2021;120000 €;34 %;12;11935.82 €/mois
07/12/2021;120000 €;34 %;12;11935.82 €/mois
07/12/2021;120000 €;45 %;48;5427.13 €/mois
07/12/2021;120000 €;45 %;48;5427.13 €/mois
07/12/2021;10000 €;1 %;12;837.85 €/mois
07/12/2021;10000 €;1 %;12;837.85 €/mois
07/12/2021;10000 €;1 %;12;837.85 €/mois
07/12/2021;10000 €;1 %;12;837.85 €/mois
07/12/2021;10000 €;1 %;12;837.85 €/mois
07/12/2021;10000 €;1 %;12;837.85 €/mois
07/12/2021;10000 €;1 %;48;212.61 €/mois
06/12/2021;120000 €;11.99 %;13;9889.22 €/mois
06/12/2021;120000 €;11.99 %;13;9889.22 €/mois
06/12/2021;120000 €;11.99 %;13;9889.22 €/mois
06/12/2021;120000 €;11.99 %;13;9889.22 €/mois
06/12/2021;120000 €;11.99 %;13;9889.22 €/mois
06/12/2021;120000 €;11.99 %;13;9889.22 €/mois
05/12/2021;10000 €;2.5 %;24;427.6 €/mois
05/12/2021;10000 €;2.5 %;24;427.6 €/mois
05/12/2021;10000 €;2.5 %;24;427.6 €/mois
05/12/2021;10000 €;2.5 %;24;427.6 €/mois
05/12/2021;10000 €;2.5 %;24;427.6 €/mois
05/12/2021;10000 €;2.5 %;24;427.6 €/mois
05/12/2021;10000 €;2.5 %;24;427.6 €/mois
05/12/2021;10000 €;2.5 %;24;427.6 €/mois
05/12/2021;10000 €;2.5 %;24;427.6 €/mois
05/12/2021;10000 €;2.5 %;24;427.6 €/mois
05/12/2021;10000 €;2.5 %;24;427.6 €/mois
05/12/2021;10000 €;2.5 %;24;427.6 €/mois
05/12/2021;10000 €;2.5 %;24;427.6 €/mois
05/12/2021;10000 €;2.5 %;24;427.6 €/mois
05/12/2021;10000 €;2.5 %;24;427.6 €/mois
05/12/2021;10000 €;2.5 %;24;427.6 €/mois
05/12/2021;10000 €;2.5 %;24;427.6 €/mois
